fracDate Collected,Collector,Kind
1993.49863014,,cedar
,"Deam, C. C.",oak
1993.49863014,,cedar
1993.49863014,,cedar
1993.49863014,,cedar
1979.70136986,"Weaver, R. E., Nickerson, J.",hemlock
1981.62191781,,spruce
1981.62191781,,spruce
1981.70684932,"Koller, G. L. and Weaver, R. E.",cypress
1984.53825137,"Alexander, J. and Del Tredici, P.",cypress
1984.53825137,"Alexander, J. and Del Tredici, P.",cypress
,"Kellogg, J. H.",hawthorn
1987.76712329,"Nicholson, R.",fir
1989.88493151,"Nicholson, R., & Schwartz, M.",cedar
1989.88493151,"Nicholson, R., and Schwartz, M.",cedar
,"Kilpatrick, K.",sourwood
,"Kilpatrick, K.",sourwood
,"Palmer, E.J.",hawthorn
,"Deam, C.C.",oak
,"Palmer, E.J.",hawthorn
2009.49863014,,birch
2009.49863014,,birch
1991.74794521,Racz & Debreczy,walnut
,,hawthorn
1984.75956284,"Koller, G. L.",boxelder
,"Harbison, T. G.",beech
1984.53825137,"Alexander, J. and Del Tredici, P.",cypress
1984.53825137,"Alexander, J. and Del Tredici, P.",cypress
1984.53825137,"Alexander, J. and Del Tredici, P.",cypress
,"Schattenburg, J.H.",cypress
2006.2109589,"Kadis, I., McIntosh-Shapiro, J.",redcedar
2006.2109589,"Kadis, I., McIntosh-Shapiro, J.",redcedar
,,poplar
2000.5,,larch
2006.2109589,"Kadis, I., McIntosh-Shapiro, J.",pine
1991.74794521,Racz & Debreczy,oak
2009.49863014,,hemlock
1991.74794521,Racz & Debreczy,oak
,"Harbison, T. G.",oak
,"Palmer, E.J.",oak
1971.49863014,,spruce
1971.49863014,,spruce
,,
,"Voss, F.",chestnut
1971.49863014,,spruce
,,oak
,,oak
1989.83561644,"Nicholson, R. & Schwartz, M.",yew
,,hickory
,"Harbison, T. G.",chestnut
,"Palmer, E.J.",oak
,"Palmer, E.J.",oak
1976.5,"Fahnestock, G.R.; Mulligan, B.O.; Witt, J.A.",spruce
1976.5,"Fahnestock, G.R.; Mulligan, B.O.; Witt, J.A.",spruce
1985.78630137,"Koller, G.",oak
1985.78630137,"Koller, G.",oak
1985.78630137,"Koller, G. L.",oak
1985.78630137,"Koller, G. L.",oak
1976.5,"Fahnestock, G.R.; Mulligan, B.O.; Witt, J.A.",spruce
2000.5,,pine
,"Bush, B. F.",hawthorn
1985.78630137,"Koller, G. L.",oak
,"Del Tredici, P.",oak
1984.78142077,"Koller, G. L.",maple
1984.78142077,"Koller, G. L.",maple
1985.81369863,"Koller, G. L.",beech
1979.89863014,"Nicholson, R. G.",sequoia
,"Brown, H. T.",hawthorn
1985.81369863,"Koller, G.",fir
,"Dawson, L. Y.",birch
1963.70684932,"Fordham, A. J.",pine
,"Bush, B. F.",hawthorn
,"Weaver, R. E.",hornbeam
1985.81369863,"Koller, G. L.",maple
,,hawthorn
,"Palmer, E. J.",hawthorn
,"Palmer, E.J.",
,"Dilatush, T.",spruce
1979.93972603,"Koller, G. L. and Alexander, J. H.",redcedar
1979.93972603,"Koller, G. L. and Alexander, J. H.",buckeye
,"Koller, G. L., Alexander, J. H.",sycamore
1979.96986301,"Koller, G. L. and Alexander, J. H.",honeylocust
,"Hampton, W. C.",hornbeam
,"Koller, G. L., Alexander, J. H.",sycamore
,"Koller, G. L., Alexander, J. H.",sycamore
1979.96986301,"Koller, G. L. and Alexander, J. H.",honeylocust
,"Rogers, C.",oak
1979.96986301,"Koller, G. L., Alexander, J. H.",catalpa
,"Pringle, C. G.",maple
1979.94246575,"Koller, G. L., Alexander, J. H.",gum
1979.94246575,"Koller, G. L., Alexander, J. H.",gum
1979.94246575,"Koller, G. L., Alexander, J. H.",gum
,,fi
1979.94246575,"Koller, G. L., Alexander, J. H.",hornbeam
1979.94246575,"Koller, G. L., Alexander, J. H.",hornbeam
1979.06849315,"Koller, G. L. and Alexander, J. H.",birch
1979.96986301,"Koller, G. L., Alexander, J. H.",catalpa
,"Weaver, R. E.",buckeye
2004.92896175,"Clark, T.E.",
,,maple
2005.95890411,"Clark, T.E.",birch
,,oak
1906.49863014,"Harbison, T. G.",buckeye
1906.49863014,"Harbison, T. G.",buckeye
1906.49863014,"Harbison, T. G.",buckeye
2004.96721311,"Clark, T.E.",birch
2004.96721311,"Clark, T.E.",birch
1906.49863014,"Harbison, T. G.",buckeye
,"Engelmann, G.",oak
2004.96721311,"Clark, T.E.",birch
,"Dawson, J. T.",birch
,"Dawson, J. T.",birch
,"Dawson, J. T.",birch
,"Dawson, J. T.",birch
,"Dawson, J. T.",birch
,"Letterman, G.W.",hickory
,"Faxon, C. E., Dawson, J. T.",hickory
,"Letterman, G.W.",hickory
,"Letterman, G.W.",hickory
,"Letterman, G.W.",hickory
,"Faxon, C. E., Dawson, J. T.",hickory
,"Del Tredici, P.",butternut
,"Brown, G. M.",hickory
,"Letterman, G.W.",hickory
,"Letterman, G.W.",hickory
,"Letterman, G.W.",hickory
,"Letterman, G.W.",hickory
,"Faxon, C. E., Dawson, J. T.",hickory
1904.5,"Dawson, J. T.",cypress
,"Ridgway, R.",pecan
1904.5,"Dawson, J. T.",cypress
1981.70684932,"Koller, G. L. and Weaver, R. E.",cypress
,"Koller, G. L. and Weaver, R. E.",cypress
,"Koller, G. L. and Weaver, R. E.",cypress
,"Koller, G. L. and Weaver, R. E.",cypress
1948.5,"Chandler, H.",sequoia
,"Schmitz, A., Steinberg, G.",oak
1981.6739726,"Nicholson, R. G.",pine
,"Schmitz, A., Steinberg, G.",oak
,"Del Tredici, P.",maple
,,pine
,"Schmitz, A., Sternberg, G.",pecan
,"Schmitz, A., Sternberg, G.",pecan
1982.76164384,"Hay, I., Geary, S.",basswood
1985.80547945,"Nicholson, R.",fir
,,maple
,,maple
,"Del Tredici, P.",maple
1985.80821918,"Nicholson, R. G.",yellow-poplar
,"Cover, S.",cucumbertree
,"Harbison, T. G.",crabapple
,"Nicholson, R.",spruce
1981.69041096,"Nicholson, R.",fir
,"Lewandowski, Rick J",redbay
2003.10958904,"Del Tredici, P.",maple
2003.10958904,"Del Tredici, P.",maple
2003.10958904,"Del Tredici, P.",maple
,,coffeetree
1985.81369863,"Nicholson, R. C.",birch
,"Harbison, T. G.",crabapple
,"Laney, C. C.",
,,cedar
1985.8109589,"Nicholson, R.",fir
1985.81369863,"Nicholson, R. C.",birch
,"Palmer, E. J.",hawthorn
,,cedar
1981.70410959,"Nicholson, R. G.",walnut
,"Laney, C. C.",
,"Laney, C.C.",hawthorn
,,ash
,"Dawson, J. T.",hawthorn
,,yellow-poplar
1975.71506849,,
,"Baxter, S. N.",maidenhair-tree
1885.75068493,"Dawson, J. T.",beech
,"Baxter, S. N.",maidenhair-tree
1885.75068493,"Dawson, J. T.",beech
,"Peck, C. H.",hawthorn
1885.75068493,"Dawson, J. T.",beech
1885.75068493,"Dawson, J. T.",beech
1885.75068493,"Dawson, J. T.",beech
1885.75068493,"Dawson, J. T.",beech
,"Deam, C. C.",linden
1885.75068493,"Dawson, J. T.",beech
1885.75068493,"Dawson, J. T.",beech
1885.75068493,"Dawson, J. T.",beech
,"Deam, C. C.",linden
1981.72054795,"Nicholson, R. G.",fi
1981.72054795,"Nicholson, R. G.",fi
1981.72054795,"Nicholson, R. G.",fi
1981.72054795,"Nicholson, R.",cedar
,"Parry, C. C.",spruce
,"Parry, C. C.",spruce
,"Debreczy, Z.",fir
1981.72876712,"Nicholson, R.",hemlock
1886.00273973,"Sargent, C.S.",oak
,"Chase, V. H.",
,,cedar
,,hop-hornbeam
1981.73150685,"Nicholson, R.",cedar
,,hemlock
,,cherry
,,catalpa
,,birch
,"Palmer, E. J.",hackberry
,,hemlock
,,birch
1983.74520548,"Nicholson, R.",cypress
1983.74520548,"Nicholson, R.",cypress
,,pine
,"Sargent, C. S.",hawthorn
,"Chase, V. H.",
,"Parry, C. C.",spruce
1987.78356164,"Nicholson, R.",hemlock
1987.78356164,"Nicholson, R.",hemlock
,"Jack, J. G.",spruce
,"Jack, J. G.",spruce
,,pine
,,pine
,,pine
,,pine
,"Chase, V. H.",
,"Sargent, C. S.",hawthorn
2002.02739726,"Koller, G.",redcedar
2002.02739726,"Koller, G.",redcedar
1999.7890411,"Del Tredici, P.",oak
,"Jack, J. G.",spruce
,"Dawkins, W.",oak
,"Dawkins, W.",oak
,,pine
,"Dawson, J. T.",pine
,"Dawson, J. T.",pine
,"Dawson, J. T.",pine
,"Dawkins, W.",oak
,,spruce
,"Ridgway, R.",oak
,"Sargent, C. S.",oak
,"Dawkins, W.",oak
,"Dawkins, W.",oak
,"Harbison, T.G.",oak
,"Dawkins, W.",oak
,"Dawson, J. T.",sumac
1987.78356164,"Nicholson, R.",acacia
1987.78356164,"Nicholson, R.",acacia
,"Dawkins, W.",oak
,"Britton, N.L.",oak
,"Dawkins, W.",oak
,"Dawkins, W.",oak
,"Dawkins, W.",oak
,"Dawkins, W.",oak
,"Dawkins, W.",oak
,"Bush, B. F.",buckeye
,"Jack, J. G.",redcedar
1908.73497268,"Kellogg, J. H.",hawthorn
,"Jack, J. G.",redcedar
,"Watson, S.",cedar
,"Allen, O. D.",cedar
,"Allen, O. D.",cedar
,"Bush, B. F.",buckeye
1908.73497268,"Kellogg, J. H.",hawthorn
,,linden
,,
,"Jack, J. G.",redcedar
,"Slavin, B. H.",hawthorn
,"Palmer, E. J.",hawthorn
,"Watson, S.",cedar
1904.5,,birch
,"Palmer, E. J.",hawthorn
,,katsura
1958.04109589,"Eaton, R. J.",sycamore
1958.04109589,"Eaton, R. J.",sycamore
,"Letterman, G.W.",oak
,"Letterman, G.W.",oak
1912.5,"Slavin, B. H.",hickory
2007.49863014,"Mayer, M., Casagrande, R., Casagrande, L.",hemlock
2007.49863014,"Mayer, M., Casagrande, R., Casagrande, L.",hemlock
2007.49863014,,cherry
2007.49863014,,cherry
,"Letterman, G.W.",oak
,"Letterman, G.W.",oak
,,linden
,"Canby, W. M.",hawthorn
,"Palmer, E. J.",hackberry
2007.49863014,"Mayer, M., Casagrande, R., Casagrande, L.",hemlock
,"Palmer, E.J.",oak
2007.49863014,"Mayer, M., Casagrande, R., Casagrande, L.",hemlock
,"Kellogg, J. H.",hawthorn
2011.7890411,"Casagrande, R.",hemlock
2011.7890411,"Casagrande, R.",hemlock
2011.7890411,"Casagrande, R.",hemlock
,"Harbison, T. G.",
,,maple
,,maple
2011.7890411,"Casagrande, R.",hemlock
2006.2109589,"Kadis, I., McIntosh-Shapiro, J.",pine
2009.49863014,,pine
2009.49863014,,pine
2011.7890411,"Casagrande, R.",hemlock
2011.7890411,"Casagrande, R.",hemlock
,"Harbison, T. G.",
1991.74794521,Racz & Debreczy,oak
2011.7890411,"Casagrande, R.",hemlock
,"Engelmann, G.",oak
,"Engelmann, G.",oak
2011.7890411,"Casagrande, R.",hemlock
2011.7890411,"Casagrande, R.",hemlock
,"Bush, B. F.",
,,oak
,"Bush, B. F.",hawthorn
,,hawthorn
,,oak
1945.49863014,"Abbott, F. L.",hemlock
,,oak
2011.7890411,"Casagrande, R.",hemlock
,,birch
,,oak
,,oak
,"Deam, C. C.",basswood
,"Jack, J.G.",oak
1985.63013699,"Koller, G. L.",maple
1985.63013699,"Koller, G. L.",maple
1971.49863014,,spruce
1990.57534247,"Windham, M.",dogwood
,,
,,pignut
,"Faxon, C.E.",pignut
,"Faxon, C.E.",pignut
,"Faxon, C.E.",pignut
,"MacPhail, J.",pine
,"Jack, J.G.",oak
,"Jack, J.G.",oak
1971.70684932,,fir
2005.4109589,"Kadis, I.",maple
,,
,"Letterman, G.W.",hickory
,"Sargent, C. S.",pignut
1883.49863014,"Dawson, J.T., Faxon, C.E.",pignut
,,
,,beech
,"Faxon, C.E.",pignut
,"Faxon, C.E.",pignut
,,oak
,"MacPhail, J.",pine
,"Jack, J. G.",oak
1989.88493151,"Nicholson, R., & Schwartz, M.",yew
2005.4109589,"Kadis, I.",maple
2005.4109589,"Kadis, I.",maple
,"Palmer, E. J.",chinquapin
,"Del Tredici, P.",basswood
2008.32240437,"Dosmann, M., Dosmann, B., Dosmann, D.",hickory
1985.78630137,"Koller, G.",oak
,"Palmer, E. J.",silverbell
,"Deam, C.C.",honeylocust
,,cedar
,"Dawson, J.T.",tupelo
1901.49863014,"Bush, B. F.",hawthorn
,"Slavin, B. H.",plum
,"Slavin, B. M.",
,"Palmer, E. J.",plum
,"Parry, C. C.",spruce
,"Bush, B. F.",hawthorn
,"Mann, C.",oak
,"Reserchon, J.",hawthorn
1995.49863014,,chinquapin
,"Nicholson, R.",magnolia
,"Nicholson, R.",magnolia
,"Hill, P.",
,"Pringle, G.S.",oak
,"Dawson, L. Y.",birch
,"Dawson, L. Y.",birch
1950.1260274,"Sax, K.",maple
,Richard Olsen,catalpa
,"Slavin, B. H.",hawthorn
,,oak
,,oak
1988.00273224,"Phipps, J. B.",hawthorn
1985.81369863,"Koller, G. L.",birch
,"Hill, P.",
2013.75616438,"Dosmann, M., Damery, J.",boxelder
2013.75616438,"Dosmann, M., Damery, J.",boxelder
,,beech
2009.21643836,"Carstens, D., Carstens, J.",coffeetree
1984.62295082,"Michener, D.",pine
,"Hamilton, O.",pine
,,hickory
2009.09041096,"Carstens, J., Straub, A., Straub, B.",coffeetree
,,hackberry
2013.75616438,"Dosmann, M., Damery, J.",boxelder
2013.75616438,"Dosmann, M., Damery, J.",boxelder
,,cypress
,"Palmer, E. J.",pine
1979.93972603,"Koller, G. L. and Alexander, J. H.",redcedar
,"Hampton, W. C.",buckeye
,,maple
,,beech
,"Sargent, C. S.",
1992.2704918,"Turkington, K.",
2000.43989071,,juniper
2010.13424658,"Carstens, J., Jackson, J., Schmitz, A.",coffeetree
2010.13424658,"Carstens, J., Jackson, J., Schmitz, A.",coffeetree
,,hickory
2000.43989071,,juniper
2009.21643836,"Carstens, D., Carstens, J.",coffeetree
1987.77260274,"Nicholson, R.",
2009.13424658,"Schmitz, A.",coffeetree
,"Schulenberg, Raymond F.",hickory
2009.13424658,"Schmitz, A.",coffeetree
,,hickory
2008.09289617,"Carstens, J., Schmitz, A.",coffeetree
2009.09041096,"Carstens, J., Straub, A., Straub, B.",coffeetree
2009.09041096,"Carstens, J., Straub, A., Straub, B.",coffeetree
,,hickory
,"Sargent, C. S.",hawthorn
,,cypress
1996.5,"Di Gregorio, M.",
1996.5,"Di Gregorio, M.",
2000.00273224,"Winter, Sylvia",oak
2000.00273224,"Winter, Sylvia",oak
2000.80874317,"Schmitz, A.",oak
,"Waters, G.",cedar
1979.96986301,"Koller, G. L. and Alexander, J. H.",honeylocust
,,cherry
,"Curtiss, A.H.",coffeetree
,,cedar
,"Sargent, C. S.",hawthorn
2011.70684932,"Carstens, J., Dosmann, M., Schmitz, A.",hemlock
2011.70684932,"Carstens, J., Dosmann, M., Schmitz, A.",hemlock
2011.70684932,"Carstens, J., Dosmann, M., Schmitz, A.",hemlock
,"Sargent, C. S.",birch
,"Sargent, C. S.",hawthorn
1998.83561644,"Del Tredici, P.",butternut
,"Sargent, C. S.",hawthorn
,"Deam, C. C.",ash
2000.68852459,"Mcniel, R.",magnolia
,"Palmer, E.J.",
1984.78688525,"Hannan, L.L.",birch
1979.96986301,"Koller, G. L., Alexander, J. H.",catalpa
1979.96986301,"Koller, G. L., Alexander, J. H.",catalpa
1918.97808219,"Jack, J. G.",birch
,,oak
,,hawthorn
1979.29315068,"Weaver, R. E.",linden
,"Hamilton, O.",hemlock
,"Weaver, R. E.",buckeye
,,ash
,"Parry, Dr. C. C.",fir
,,cherry
1979.94246575,"Koller, G. L., Alexander, J. H.",hornbeam
1979.06849315,"Koller, G. L. and Alexander, J. H.",birch
1979.06849315,"Koller, G. L. and Alexander, J. H.",birch
2011.70684932,"Carstens, J., Dosmann, M., Schmitz, A.",hemlock
2011.70684932,"Carstens, J., Dosmann, M., Schmitz, A.",hemlock
2011.70684932,"Carstens, J., Dosmann, M., Schmitz, A.",hemlock
2011.70958904,"Carstens, J., Dosmann, M., Schmitz, A.",hemlock
2011.70958904,"Carstens, J., Dosmann, M., Schmitz, A.",hemlock
2011.70958904,"Carstens, J., Dosmann, M., Schmitz, A.",hemlock
2011.70684932,"Carstens, J., Dosmann, M., Schmitz, A.",hemlock
,,oak
,"Hamilton, O.",hemlock
2011.70958904,"Carstens, J., Dosmann, M., Schmitz, A.",hemlock
,,cypress
,,cypress
,"Deam, C. C.",oak
,,cypress
,,cypress
1883.7890411,"Dawson, J. T.",maple
,,hackberry
,,pine
,,cedar
2005.95890411,"Clark, T.E.",birch
2005.95890411,"Clark, T.E.",birch
2012.80874317,"Dosmann, M.S., Aiello, A.S.",oak
1913.49863014,"Harbison, T. G.",chestnut
,"Jacobs, D.",oak
,"Trelease, W.",oak
2012.80874317,"Dosmann, M.S., Aiello, A.S., Chambers, B.",oak
2012.80874317,"Dosmann, M.S., Aiello, A.S., Chambers, B.",oak
,"Dawson, J. T.",hawthorn
2012.81147541,"Dosmann, M.S., Aiello, A.S.",oak
,,elm
,,tupelo
,,tupelo
,,tupelo
1953.49863014,"Wood, C. E.",locust
,,
,,oak
,,oak
1973.49863014,"Del Tredici, P.",maple
,,cedar
2008.72131148,"Port, K., D. and D. Port, J. Port, L. Wolf",fir
,"Jack, J. G.",
,"Jack, J. G.",
1995.32876712,"Spongberg, S.A. & Bell, A.C.",redbud
2012.80874317,"Dosmann, M.S., Aiello, A.S., Chambers, B.",oak
,"Dawson, J. T.",hawthorn
2005.08493151,"Del Tredici, P.",yellow-poplar
2005.08493151,"Del Tredici, P.",yellow-poplar
1992.65846995,"Del Tredici, P.",cedar
2012.81147541,"Dosmann, M.S., Aiello, A.S.",oak
,"Dilatush, T.",cedar
2012.80601093,"Dosmann, M.S., Aiello, A.S.",oak
1973.49863014,"Del Tredici, P.",maple
,,elm
,,cedar
1899.49863014,"Hill, E. J.",hawthorn
,"Laney, C.C.",hawthorn
,"Harbison, T. G.",horsechestnut
2004.96721311,"Clark, T.E.",birch
,"Rudin, L.",fir
1995.32876712,"Spongberg, S.A. & Bell, A.C.",elm
1991.80273973,"Del Tredici, P.",cypress
1991.80273973,"Del Tredici, P.",cypress
2012.81147541,"Dosmann, M.S., Aiello, A.S.",oak
,"Dilatush, T.",cedar
,"Dilatush, T.",cedar
,"Weaver, R. E.",magnolia
2012.98907104,,catalpa
,"Laney, C.C.",
,,hawthorn
,,tree
,,oak
,"Dawson, J. T.",birch
,"Dawson, J. T.",birch
,"Del Tredici, P.",sequoia
2009.6630137,"Johnston, J.",buckeye
,"Sargent, C. S.",hawthorn
,,cedar
,,oak
,"Chase, V. H.",
1991.80273973,"Del Tredici, P.",cypress
1991.80273973,"Del Tredici, P.",cypress
1991.80273973,"Del Tredici, P.",cypress
,"Faxon, C. E., Dawson, J. T.",hickory
,"Faxon, C. E., Dawson, J. T.",hickory
,,maple
,"Faxon, C. E., Dawson, J. T.",hickory
1981.70684932,"Koller, G. L. and Weaver, R. E.",cypress
,,fir
,"Harbison, T. G.",horsechestnut
1961.49863014,"Radebaugh, G. D. Jr.",hemlock
1986.8,"Nicholson, R.",yellow-wood
2012.98907104,,catalpa
,"Koller, G. L. and Weaver, R. E.",cypress
,"Voss, F.",chestnut
,,oak
,"Koller, G. L. and Weaver, R. E.",cypress
,"Koller, G. L. and Weaver, R. E.",cypress
,,hickory
,"Goldman, D.",oak
,,oak
2012.98907104,,catalpa
2002.66849315,"McNamara, W.",pine
,"Del Tredici, P.",maple
2002.66849315,"McNamara, W.",pine
,,oak
,,cottonwood
2009.77808219,"Dosmann, M.",ash
,"Del Tredici, P.",hemlock
,"Palmer, E. J.",plum
1995.74794521,"Ward, Tom",redbud
1995.74794521,"Ward, Tom",redbud
,,elm
,"Johnston, J.",magnolia
2008.76775956,"Alexander, Jack; Collins, Dennis; Dosmann, Michael; Schneider, Stephen; Thibault, Tim",maple
1986.8,"Nicholson, R.",yellow-wood
1995.70684932,"Bell, Andrew",redbud
2008.76775956,"Alexander, Jack; Collins, Dennis; Dosmann, Michael; Schneider, Stephen; Thibault, Tim",birch
,"Palmer, E. J.",
2002.66849315,"McNamara, W.",pine
2003.65753425,"Kelley, S., Lusk, V.",maple
2002.66849315,"McNamara, W.",pine
,"Palmer, E. J.",pine
2002.66849315,"McNamara, W.",pine
2006.29589041,"Goldman, D.",pine
2003.65753425,"Kelley, S., Woods, G., Cobb, R., Lusk, V.",maple
,,buckeye
,,buckeye
2008.76775956,"Alexander, Jack; Collins, Dennis; Dosmann, Michael; Schneider, Stephen; Thibault, Tim",
,"Harbison, T. G.",chestnut
,"Daugherty, Ray",maple
,"Jack, J. G.",birch
,"Jack, J. G.",birch
,"Dunbar, J.",
2008.7704918,"Alexander, Jack; Collins, Dennis; Dosmann, Michael; Schneider, Stephen; Thibault, Tim",birch
,"Gates, G.",oak
,"Kellogg, J. H.",hawthorn
2008.77322404,"Alexander, Jack; Collins, Dennis; Dosmann, Michael; Schneider, Stephen; Thibault, Tim",basswood
2003.64931507,"Kelley, S., Wood, G.",maple
,"Gruber, C. L.",hawthorn
,"Johnston, J.",magnolia
,"Johnston, J.",magnolia
2008.77322404,"Alexander, Jack; Collins, Dennis; Dosmann, Michael; Schneider, Stephen; Thibault, Tim",cherry
2008.76775956,"Alexander, Jack; Collins, Dennis; Dosmann, Michael; Schneider, Stephen; Thibault, Tim",birch
2008.77322404,"Alexander, Jack; Collins, Dennis; Dosmann, Michael; Schneider, Stephen; Thibault, Tim",sumac
2008.76775956,"Alexander, Jack; Collins, Dennis; Dosmann, Michael; Schneider, Stephen; Thibault, Tim",maple
1995.74794521,"Ward, Tom",redbud
,"Johnston, J.",magnolia
,"Johnston, J.",magnolia
,"Johnston, J.",magnolia
,"Palmer, E.J.",honeylocust
2003.65205479,"Kelley, S., Wood, G., Cobb, R., Lusk, V.",linden
1993.56164384,"Del Tredici, P.",fir
2008.76775956,"Alexander, Jack; Collins, Dennis; Dosmann, Michael; Schneider, Stephen; Thibault, Tim",birch
2008.76775956,"Alexander, Jack; Collins, Dennis; Dosmann, Michael; Schneider, Stephen; Thibault, Tim",maple
,"Harbison, T. G.",chestnut
2008.76775956,"Alexander, Jack; Collins, Dennis; Dosmann, Michael; Schneider, Stephen; Thibault, Tim",birch
,,maple
,"Watson, Sereno",cedar
,"Del Tredici, P.",cypress
,"Faxon, C.E.",oak
,"Faxon, C.E.",oak
1922.23561644,,catalpa
,,birch
,,birch
,,birch
,G.W. Letterman,ash
,"Watson, Sereno",cedar
,"Watson, Sereno",cedar
2008.7704918,"Alexander, Jack; Collins, Dennis; Dosmann, Michael; Schneider, Stephen; Thibault, Tim",hemlock
,"Bush, B.F.",hawthorn
2000.43989071,,juniper
2008.7704918,"Alexander, Jack; Collins, Dennis; Dosmann, Michael; Schneider, Stephen; Thibault, Tim",hop-hornbeam
2008.7704918,"Alexander, Jack; Collins, Dennis; Dosmann, Michael; Schneider, Stephen; Thibault, Tim",hop-hornbeam
,"Case, L. C.",pine
,"Gates, G.",oak
,,ash
,,ash
,"Letterman, G. W.",hawthorn
2008.7704918,"Alexander, Jack; Collins, Dennis; Dosmann, Michael; Schneider, Stephen; Thibault, Tim",birch
,"Sargent, C. S.",hickory
2008.77322404,"Alexander, Jack; Collins, Dennis; Dosmann, Michael; Schneider, Stephen; Thibault, Tim",sumac
1908.73224044,"Kellogg, J. H.",hawthorn
1998.79178082,,sourwood
,"Johnston, J.",buckeye
,"Johnston, J.",buckeye
,"Johnston, J.",buckeye
1993.77808219,"Del Tredici, P.",maple
1993.77808219,"Del Tredici, P.",maple
,,oak
1993.56164384,"Del Tredici, P.",fir
2010.75890411,"Carstens, J., Schmitz, A.",pecan
2010.75890411,"Carstens, J., Schmitz, A.",pecan
2008.77322404,"Alexander, Jack; Collins, Dennis; Dosmann, Michael; Schneider, Stephen; Thibault, Tim",sumac
1993.56164384,"Del Tredici, P.",spruce
,,oak
,"Watson, Sereno",cedar
,"Wagenknecht, B.",silverbell
1993.56164384,"Del Tredici, P.",fir
,"Watson, Sereno",cedar
,"Watson, Sereno",cedar
,"Jennings, O. E.",hawthorn
,,maple
,"Del Tredici, P.",cypress
,"Del Tredici, P.",cypress
,,soapberry
,"Del Tredici, P.",birch
,"Canby, W. M.",hawthorn
,"Del Tredici, P.",birch
,"Palmer, E. J.",hawthorn
,,redbud
,,redbud
1981.69041096,"Nicholson, R.",fir
1985.8109589,"Nicholson, R.",spruce
,"Cover, S.",cucumbertree
,"Hager, F.",walnut
,"Nicholson, R.",spruce
,,redbud
1996.57377049,"Medbury, J. McBride and S. Kloss",cypress
,,cedar
1985.81917808,"Nicholson, R. and Hay, I.",persimmon
,,spruce
,,spruce
1993.77808219,"Del Tredici, P.",maple
2010.75890411,"Carstens, J., Schmitz, A.",pecan
,,oak
,,oak
1991.66575342,,hickory
2010.75890411,"Carstens, J., Schmitz, A.",pecan
1986.76986301,"Rogers, G.",oak
1987.76438356,"Nicholson, R.",cedar
2010.75890411,"Carstens, J., Schmitz, A.",pecan
,"Bush, B. F.",buckeye
2010.75890411,"Carstens, J., Schmitz, A.",pecan
,"Eggert, H.",hawthorn
,"Eggert, H.",hawthorn
,"Kase, J.",oak
,,cypress
,,cypress
,,cypress
,"Palmer, E. J.",basswood
,,beech
1987.63561644,"Del Tredici, P.",cypress
,"Slavin, B. H.",hawthorn
,"Sperling, C.",
,"Lord Howick & McNamara, W.A.",spruce
,"Palmer, E. J.",basswood
,Rogers George,oak
,"Del Tredici, P.",heaven
1912.7704918,"Bush, B. F.",hickory
,,hickory
,"Deam, C. C.",ash
1993.8,"Ward, T.",hemlock
,"Dawson, J. T.",yellow-poplar
1987.76712329,"Nicholson, R.",cucumbertree
2009.78082192,"Del Tredici, P.",hemlock
,"Rogers, George",oak
,"Schumacher, F.W.",oak
,"Palmer, E. J.",
1993.72328767,"Lord Howick & McNamara, W.A.",tuck-tuck
1993.72328767,"Lord Howick & McNamara, W.A.",tuck-tuck
1986.78356164,"Elsik, I.S.",oak
,"Kase, J.",oak
1987.63561644,"Del Tredici, P.",cypress
2011.49863014,"Sundling, D., Brody, B.",oak
,"Harbison, T. G.",oak
,"Harbison, T. G.",oak
,"Harbison, T. G.",oak
,,hornbeam
1987.61643836,"Del Tredici, P.",fir
,,yellow-poplar
1975.71506849,,
,"Dawson, J. T.",yellow-poplar
1987.75342466,"Rogers, G.",pecan
1912.5,"Bush, B. F., Sargent, C. S.",crabapple
,,dogwood
1911.70958904,"Slavin, B. H.",hickory
,"Rogers, George",persimmon
,"Rogers, George",oak
,"Rogers, George",persimmon
,"Rogers, George",persimmon
,"Rogers, George",oak
,"Rogers, George",oak
,,hickory
,"Rogers, George",oak
,"Rogers, George",hickory
,"Jack, J. G.",poplar
,"Jack, J. G.",poplar
,"Rogers, George",oak
2007.64657534,,cherry
2007.64657534,,cherry
,"Rogers, George",hickory
,"Rogers, George",hickory
,"Lance, Ron",
,"Croizat, L.",elm
1945.49863014,"Abbott, F. L.",hemlock
1979.70136986,"Weaver, R. E., Nickerson, J.",buckeye
,"Schumacher, F.W.",oak
1900.04109589,"Jack, J. G.",hawthorn
2006.70684932,,fir
,,hemlock
2007.72054795,,sumac
1979.71232877,"Weaver, R. E. and Nickerson, J.",magnolia
1979.69315068,"Weaver, R. E., Nickerson, J.",tupelo
,,cedar
1885.75068493,"Dawson, J. T.",beech
2000.48907104,"Ward, T.",
1979.70136986,"Weaver, R. E. and Nickerson, J.",magnolia
,G.W. Letterman,ash
,G.W. Letterman,ash
1987.83561644,"Dilatush, Tom",tupelo
2000.5,,pine
,"Croizat, L.",(lime)
2000.5,,pine
2000.5,,pine
,"Parry, C. C.",spruce
,"Parry, C. C.",spruce
1908.73497268,"Kellogg, J. H.",hawthorn
1908.73497268,"Kellogg, J. H.",hawthorn
,"Lance, Ron",
,,pine
1900.04109589,"Jack, J. G.",hawthorn
,,magnolia
,"Dawkins, Wm.",hemlock
,,magnolia
,,magnolia
,"Palmer, E. J.",oak
1979.71232877,"Weaver, R. E. and Nickerson, J.",magnolia
1979.71506849,"Weaver, R. E., Nickerson, J.",tupelo
,"Dawson, J. T.",sassafras
1979.71506849,"Weaver, R.E., Nickerson, J.",oak
1985.00821918,"Warren, Dr. R.",pine
,"Bush, B. F.",hawthorn
,,hop-hornbeam
1983.8,"Sperling, C.",hop-hornbeam
,,birch
1901.00273973,"Bush, B. F.",hawthorn
,"Engelmann, G.",oak
,"Engelmann, G.",oak
,"Parry, C. C.",spruce
1987.78356164,"Nicholson, R.",hemlock
1962.00273973,,chestnut
,"Jack, J. G.",spruce
,"Parry, C. C.",fir
,"Parry, C. C.",fir
,,pine
,"Sargent, C. S.",oak
,"Sargent, C. S.",oak
,"Sargent, C. S.",oak
,"Letterman, G.W.",oak
,"Schneck, J.",oak
,"Schneck, J.",oak
,"Deam, C C.",oak
,"Dawkins, W.",oak
,"Dawkins, W.",oak
,"Dawkins, W.",oak
,"Bush, B. F.",hawthorn
1981.49863014,,maple
,"Pringle, C. G.",maple
1908.73497268,"Kellogg, J. H.",hawthorn
,"Sargent, C. S.",
,"Letterman, G.W.",oak
,"Letterman, G.W.",oak
,,basswood
2007.49863014,"Mayer, M., Casagrande, R., Casagrande, L.",hemlock
,"Adams, J. W., Adams, M. T.",oak
2011.7890411,"Casagrande, R.",hemlock
2011.7890411,"Casagrande, R.",hemlock
2011.7890411,"Casagrande, R.",hemlock
2011.7890411,"Casagrande, R.",hemlock
2011.7890411,"Casagrande, R.",hemlock
,"Horsey, R. E.",hawthorn
,"Edwards, R.",cypress
,,oak
,,oak
,,oak
,"Harbison, T.G.",acacia
,,
,"Sargent, C. S.",pignut
,,
,"Faxon, C.E.",pignut
,"MacPhail, J.",pine
,"Palmer, E.J.",oak
,"Deam, C.C.",oak
,"Palmer, E.J.",oak
1996.5,,chestnut
,"Boardman, C.R.",honeylocust
,,hemlock
,"Hill, P.",
,"Thornburn, J.",buckeye
,"Del Tredici, P.",chestnut
,"Jack, J.G.",spruce
,"Del Tredici, P.",beech
,"Hampton, W. C.",buckeye
1992.2704918,"Turkington, K.",
2010.13424658,"Carstens, J., Jackson, J., Schmitz, A.",coffeetree
2009.13424658,"Schmitz, A.",coffeetree
2008.09289617,"Carstens, J., Schmitz, A.",coffeetree
2008.09289617,"Carstens, J., Schmitz, A.",coffeetree
,,hickory
2000.00273224,"Winter, Sylvia",oak
,,oak
,,oak
,,oak
,,chestnut
,"Hamilton, O.",pine
,"Waters, G.",cedar
2011.70958904,"Carstens, J., Dosmann, M., Schmitz, A.",hemlock
2011.70958904,"Carstens, J., Dosmann, M., Schmitz, A.",hemlock
1991.4,"Barnes, D., Alexander, J.",maple
1991.4,"Barnes, D., Alexander, J.",maple
,,pine
,,elm
,,oak
1994.44383562,,oak
1994.44383562,,oak
1953.49863014,"Wood, C. E.",locust
,"Lynch, Ri.",juneberry
2012.80874317,"Dosmann, M.S., Aiello, A.S., Chambers, B.",oak
2012.81147541,"Dosmann, M.S., Aiello, A.S.",oak
2008.72131148,"Port, K., D. and D. Port, J. Port, L. Wolf",fir
2008.72131148,"Port, K., D. and D. Port, J. Port, L. Wolf",fir
2008.72131148,"Port, K.",maple
2008.72131148,"Port, K.",maple
1895.7890411,"Schneck, J.",hickory
,,cedar
,"DeWolf, G.",elm
1991.80273973,"Del Tredici, P.",cypress
,"Voss, F.",chestnut
1961.49863014,,hemlock
,,hawthorn
2002.78356164,"Del Tredici, P.",hop-hornbeam
,,oak
,,oak
,,oak
,,oak
,,oak
,,oak
,,oak
,,oak
,McElwee,hawthorn
,"C & S (perhaps Canby, W.M. & Sargent, C.S.)",hawthorn
1986.8,"Nicholson, R.",yellow-wood
1986.8,"Nicholson, R.",yellow-wood
,"Goldman, D.",oak
2002.66849315,"McNamara, W.",pine
2008.7568306,"Dosmann, M.",maple
2002.66849315,"McNamara, B.",cedar
,"Palmer, E. J.",basswood
,,fir
2003.83835616,"Lewandowski, R.",hickory
,"Del Tredici, P.",birch
1995.74794521,"Ward, Tom",redbud
,"Johnston, J.",magnolia
,"Palmer, E. J.",basswood
2008.76775956,"Alexander, Jack; Collins, Dennis; Dosmann, Michael; Schneider, Stephen; Thibault, Tim",birch
,"Watson, Sereno",cedar
2008.7704918,"Alexander, Jack; Collins, Dennis; Dosmann, Michael; Schneider, Stephen; Thibault, Tim",hemlock
2008.7704918,"Alexander, Jack; Collins, Dennis; Dosmann, Michael; Schneider, Stephen; Thibault, Tim",hop-hornbeam
2000.43989071,,juniper
1995.74794521,"Ward, Tom",silverbell
2008.77322404,"Alexander, Jack; Collins, Dennis; Dosmann, Michael; Schneider, Stephen; Thibault, Tim",basswood
2008.77322404,"Alexander, Jack; Collins, Dennis; Dosmann, Michael; Schneider, Stephen; Thibault, Tim",sumac
2008.77322404,"Alexander, Jack; Collins, Dennis; Dosmann, Michael; Schneider, Stephen; Thibault, Tim",sumac
2008.77322404,"Alexander, Jack; Collins, Dennis; Dosmann, Michael; Schneider, Stephen; Thibault, Tim",sumac
2008.77322404,"Alexander, Jack; Collins, Dennis; Dosmann, Michael; Schneider, Stephen; Thibault, Tim",sumac
1993.56164384,"Del Tredici, P.",spruce
1993.56164384,"Del Tredici, P.",spruce
1993.56164384,"Del Tredici, P.",spruce
,"Kellogg, J. H.",hawthorn
,"Harbison, T. G.",
,,redbud
,,pine
,,oak
2010.75890411,"Carstens, J., Schmitz, A.",pecan
,,oak
,"Jack, J. G.",hawthorn
,,redbud
,"Harbison, T. G.",beech
,,soapberry
,"Harbison, T.G.",crabapple
,"Lord Howick & McNamara, W.A.",spruce
,"Lord Howick & McNamara, W.A.",pine
,"Slavin, B. H.",pignut
,"Deam, C. C.",ash
,"Palmer, E. J.",enano
1986.76986301,"Rogers, G.",oak
,"Slavin, B. H.",hickory
,Sargent. C. S.,
,"Harbison, T. G.",oak
,,oak
,"Deam, C. C.",oak
,"Jack, J. G.",pignut
,"Palmer, E.J.",mockernut
,"Rogers, George",oak
,"Schumacher, F.W.",oak
,"Schumacher, F.W.",oak
,"Slavin, B. H.",pignut
,"Harbison, T. G.",oak
,,hemlock
2007.61643836,,fir
2011.49863014,"Sundling, D., Brody, B.",oak
2007.72054795,,sumac
,"Letterman, G. W.",hawthorn
1985.48493151,"Koller, G. L.",
,"Rogers, G.",oak
,"Croizat, L.",(lime)
2000.5,,pine
,"Jack, J. G.",poplar
1938.49863014,"Abbott, F. L.",hemlock
,,magnolia
1979.71506849,"Weaver, R. E., Nickerson, J.",hornbeam
1979.69315068,"Weaver, R. E., Nickerson, J.",tupelo
2000.48907104,"Ward, T.",
